[
    {
        "question": "What is the correct syntax to declare a variable in Swift? \nA: var x: Int = 10 \nB: int x = 10 \nC: let x: Int = 10 \nD: x := 10",
        "answer": "A"
    },
    {
        "question": "Which keyword is used to define a constant in Swift? \nA: const \nB: constant \nC: let \nD: var",
        "answer": "C"
    },
    {
        "question": "How do you create a string in Swift? \nA: String myString = 'Hello' \nB: let myString: String = \"Hello\" \nC: let myString = Hello \nD: str myString = \"Hello\"",
        "answer": "B"
    },
    {
        "question": "What is the default access level for properties and methods in Swift? \nA: public \nB: internal \nC: private \nD: open",
        "answer": "B"
    },
    {
        "question": "Which of the following is used to handle errors in Swift? \nA: try-catch \nB: try-except \nC: try-throw \nD: try-catch-finally",
        "answer": "A"
    },
    {
        "question": "What does the '?' symbol indicate in Swift? \nA: An optional value \nB: A force unwrapped value \nC: A nil value \nD: A constant value",
        "answer": "A"
    },
    {
        "question": "Which function is used to print output to the console in Swift? \nA: print() \nB: console.log() \nC: printf() \nD: System.out.println()",
        "answer": "A"
    },
    {
        "question": "How do you define a function in Swift? \nA: def myFunction() {} \nB: function myFunction() {} \nC: func myFunction() {} \nD: fun myFunction() {}",
        "answer": "C"
    },
    {
        "question": "Which of the following is a correct way to create an array in Swift? \nA: let arr: [Int] = [1, 2, 3] \nB: var arr = [1, 2, 3] \nC: array arr = [1, 2, 3] \nD: let arr = [1, 2, 3]",
        "answer": "A"
    },
    {
        "question": "How do you create an empty dictionary in Swift? \nA: let dict: [String: Int] = [:] \nB: var dict = Dictionary() \nC: dict = [] \nD: let dict = [:]",
        "answer": "A"
    },
    {
        "question": "Which of the following keywords is used to create a class in Swift? \nA: class \nB: struct \nC: object \nD: interface",
        "answer": "A"
    },
    {
        "question": "How do you create an instance of a class in Swift? \nA: let obj = MyClass.new() \nB: var obj = MyClass() \nC: obj = MyClass.create() \nD: new obj = MyClass()",
        "answer": "B"
    },
    {
        "question": "What does 'guard' statement do in Swift? \nA: It checks a condition and if false, exits the current scope. \nB: It throws an exception if the condition is false. \nC: It loops until a condition becomes true. \nD: It protects a block of code from exceptions.",
        "answer": "A"
    },
    {
        "question": "How do you declare a tuple in Swift? \nA: let tuple = (1, 'Hello') \nB: let tuple = [1, 'Hello'] \nC: let tuple = (1, 'Hello', true) \nD: let tuple = {1, 'Hello'}",
        "answer": "A"
    },
    {
        "question": "What is the correct way to define an enumeration in Swift? \nA: enum Direction { case north, south, east, west } \nB: enum Direction: String { case north, south, east, west } \nC: enum Direction { north, south, east, west } \nD: enum Direction { case 'north', 'south', 'east', 'west' }",
        "answer": "A"
    },
    {
        "question": "What keyword is used to make a method or property available to subclasses but not to other classes in Swift? \nA: public \nB: private \nC: protected \nD: open",
        "answer": "C"
    },
    {
        "question": "What is the purpose of the 'defer' statement in Swift? \nA: To execute a block of code before leaving the current scope. \nB: To delay execution of a block of code. \nC: To create a loop that runs after all other loops. \nD: To catch and handle exceptions.",
        "answer": "A"
    },
    {
        "question": "What is the correct syntax to define a protocol in Swift? \nA: protocol MyProtocol {} \nB: interface MyProtocol {} \nC: class MyProtocol {} \nD: protocol: MyProtocol {}",
        "answer": "A"
    },
    {
        "question": "How do you implement a protocol in Swift? \nA: class MyClass implements MyProtocol {} \nB: class MyClass extends MyProtocol {} \nC: class MyClass conforms to MyProtocol {} \nD: class MyClass: MyProtocol {}",
        "answer": "D"
    },
    {
        "question": "Which of the following is a correct way to create a set in Swift? \nA: let mySet: Set = [1, 2, 3] \nB: let mySet = Set(1, 2, 3) \nC: let mySet: Set = {1, 2, 3} \nD: let mySet = Set([1, 2, 3])",
        "answer": "D"
    },
    {
        "question": "How do you access the first element of an array in Swift? \nA: arr[0] \nB: arr.first \nC: arr[1] \nD: arr.first()",
        "answer": "A"
    },
    {
        "question": "Which of the following is a loop construct in Swift? \nA: foreach \nB: for-in \nC: repeat-while \nD: while-do",
        "answer": "B"
    },
    {
        "question": "What is the purpose of the 'willSet' observer in Swift ? \nA: It observes changes to a property's value before it is set. \nB: It observes changes to a property's value after it is set. \nC: It prevents a property's value from being set. \nD: It validates a property's value before setting it.",
        "answer": "A"
    },
    {
        "question": "How do you handle nil values safely in Swift? \nA: Using guard let \nB: Using try-catch \nC: Using do-catch \nD: Using guard-var",
        "answer": "A"
    },
    {
        "question": "What is the purpose of 'typealias' in Swift? \nA: To create a new type. \nB: To define an alias for an existing type. \nC: To define a protocol. \nD: To define a class.",
        "answer": "B"
    },
    {
        "question": "How do you define a computed property in Swift? \nA: var computed: Int { return x * 2 } \nB: let computed: Int { return x * 2 } \nC: var computed() -> Int { return x * 2 } \nD: func computed() -> Int { return x * 2 }",
        "answer": "A"
    },
    {
        "question": "What is the use of the 'inout' keyword in Swift? \nA: To pass a value by reference to a function. \nB: To define an optional variable. \nC: To return multiple values from a function. \nD: To define a static property.",
        "answer": "A"
    },
    {
        "question": "How do you mark a method as deprecated in Swift? \nA: @available(*, deprecated) \nB: @deprecated \nC: @obsolete \nD: @marked(deprecated)",
        "answer": "A"
    },
    {
        "question": "Which operator is used for nil-coalescing in Swift? \nA: ?? \nB: ??= \nC: || \nD: &&",
        "answer": "A"
    },
    {
        "question": "How do you create a range in Swift? \nA: 1...5 \nB: [1...5] \nC: (1, 5) \nD: {1...5}",
        "answer": "A"
    },
    {
        "question": "What does the 'case' keyword do in a switch statement in Swift? \nA: Defines a branch for a value to match. \nB: Ends the switch statement. \nC: Starts a new switch statement. \nD: Handles exceptions within a switch statement.",
        "answer": "A"
    },
    {
        "question": "Which of the following is a valid syntax for an extension in Swift? \nA: extension MyClass {} \nB: class MyClass {} extension {} \nC: extend MyClass {} \nD: class MyClass: extension {}",
        "answer": "A"
    },
    {
        "question": "What is the purpose of the 'init' method in a Swift class? \nA: To initialize a new instance of a class. \nB: To destroy an instance of a class. \nC: To copy an instance of a class. \nD: To inherit properties from a superclass.",
        "answer": "A"
    },
    {
        "question": "How do you declare a generic function in Swift? \nA: func myFunction<T>(param: T) {} \nB: generic myFunction<T>(param: T) {} \nC: func myFunction(param: T) {} \nD: func myFunction(param: generic T) {}",
        "answer": "A"
    },
    {
        "question": "What is the purpose of 'self' in Swift? \nA: To refer to the current instance of a class or struct. \nB: To refer to the parent class. \nC: To refer to a static method. \nD: To create a new instance.",
        "answer": "A"
    },
    {
        "question": "How do you define a static property in Swift? \nA: static var shared = MyClass() \nB: class var shared = MyClass() \nC: static let shared = MyClass() \nD: class let shared = MyClass()",
        "answer": "A"
    },
    {
        "question": "Which keyword is used to make a property read-only in Swift? \nA: get \nB: let \nC: readonly \nD: private",
        "answer": "B"
    },
    {
        "question": "What is the purpose of 'map' function in Swift? \nA: To transform each element in a collection. \nB: To filter elements in a collection. \nC: To find elements in a collection. \nD: To sort elements in a collection.",
        "answer": "A"
    },
    {
        "question": "How do you perform a conditional binding in Swift? \nA: if let value = optionalValue {} \nB: if (let value = optionalValue) {} \nC: let value = optionalValue ? {} \nD: if optionalValue { let value = optionalValue }",
        "answer": "A"
    }
]

